{"cameraMode":{"drawMode":0,"name":"Shaded","section":"Shading Mode"},"sceneLighting":true,"audioPlay":false,"sceneViewState":{"m_AlwaysRefresh":false,"showFog":true,"showSkybox":true,"showFlares":true,"showImageEffects":true,"showParticleSystems":true,"showVisualEffectGraphs":true,"m_FxEnabled":true},"in2DMode":false,"pivot":{"x":13.720001220703125,"y":3.9499998092651369,"z":-19.110000610351564},"rotation":{"x":-0.11076781898736954,"y":-0.2370242178440094,"z":0.027214672416448594,"w":-0.9647961854934692},"size":12.124356269836426,"orthographic":false}