{"cameraMode":{"drawMode":0,"name":"Shaded","section":"Shading Mode"},"sceneLighting":true,"audioPlay":false,"sceneViewState":{"m_AlwaysRefresh":false,"showFog":true,"showSkybox":true,"showFlares":true,"showImageEffects":true,"showParticleSystems":true,"showVisualEffectGraphs":true,"m_FxEnabled":true},"in2DMode":false,"pivot":{"x":4.2374396324157719,"y":-11.48575496673584,"z":1.3153409957885743},"rotation":{"x":-0.18117572367191316,"y":0.35162797570228579,"z":-0.06956334412097931,"w":-0.9158089756965637},"size":0.3630652129650116,"orthographic":false}